"","gene_id1","gene_id2","gene_symbol1","gene_symbol2"
"1",367,8648,"AR","NCOA1"
"2",367,10499,"AR","NCOA2"
"3",602,8841,"BCL3","HDAC3"
"4",604,9612,"BCL6","NCOR2"
"5",672,1387,"BRCA1","CREBBP"
"6",672,2033,"BRCA1","EP300"
"7",672,5469,"BRCA1","MED1"
"8",1024,9794,"CDK8","MAML1"
"9",1029,3091,"CDKN2A","HIF1A"
"10",1387,8202,"CREBBP","NCOA3"
"11",1387,5970,"CREBBP","RELA"
"12",1387,6506,"CREBBP","SLC1A2"
"13",1387,4087,"CREBBP","SMAD2"
"14",1387,4088,"CREBBP","SMAD3"
"15",2033,2099,"EP300","ESR1"
"16",2033,9794,"EP300","MAML1"
"17",2033,4654,"EP300","MYOD1"
"18",2033,8648,"EP300","NCOA1"
"19",2033,10499,"EP300","NCOA2"
"20",2033,5629,"EP300","PROX1"
"21",2033,5970,"EP300","RELA"
"22",2033,6506,"EP300","SLC1A2"
"23",2033,4087,"EP300","SMAD2"
"24",2033,4088,"EP300","SMAD3"
"25",2033,6908,"EP300","TBP"
"26",2056,3091,"EPO","HIF1A"
"27",2099,5469,"ESR1","MED1"
"28",2099,8648,"ESR1","NCOA1"
"29",2099,10499,"ESR1","NCOA2"
"30",2099,8202,"ESR1","NCOA3"
"31",2099,9611,"ESR1","NCOR1"
"32",2099,9612,"ESR1","NCOR2"
"33",2100,8648,"ESR2","NCOA1"
"34",2100,23054,"ESR2","NCOA6"
"35",2100,10891,"ESR2","PPARGC1A"
"36",2101,8648,"ESRRA","NCOA1"
"37",2101,8202,"ESRRA","NCOA3"
"38",2101,190,"ESRRA","NR0B1"
"39",2101,8431,"ESRRA","NR0B2"
"40",2101,8204,"ESRRA","NRIP1"
"41",2101,5629,"ESRRA","PROX1"
"42",8841,9611,"HDAC3","NCOR1"
"43",8841,4792,"HDAC3","NFKBIA"
"44",8841,6506,"HDAC3","SLC1A2"
"45",3091,6667,"HIF1A","SP1"
"46",8850,8202,"KAT2B","NCOA3"
"47",5469,7376,"MED1","NR1H2"
"48",5469,9970,"MED1","NR1I3"
"49",5469,5468,"MED1","PPARG"
"50",5469,6506,"MED1","SLC1A2"
"51",9412,7067,"MED21","THRA"
"52",9412,7068,"MED21","THRB"
"53",10001,5914,"MED6","RARA"
"54",8648,7376,"NCOA1","NR1H2"
"55",8648,10062,"NCOA1","NR1H3"
"56",8648,8856,"NCOA1","NR1I2"
"57",8648,9970,"NCOA1","NR1I3"
"58",8648,2494,"NCOA1","NR5A2"
"59",8648,5467,"NCOA1","PPARD"
"60",8648,5468,"NCOA1","PPARG"
"61",8648,3275,"NCOA1","PRMT2"
"62",8648,5914,"NCOA1","RARA"
"63",8648,5916,"NCOA1","RARG"
"64",8648,6095,"NCOA1","RORA"
"65",8648,6256,"NCOA1","RXRA"
"66",8648,7067,"NCOA1","THRA"
"67",8648,7068,"NCOA1","THRB"
"68",8648,7421,"NCOA1","VDR"
"69",10499,2908,"NCOA2","NR3C1"
"70",10499,5914,"NCOA2","RARA"
"71",10499,6256,"NCOA2","RXRA"
"72",10499,7068,"NCOA2","THRB"
"73",10499,7421,"NCOA2","VDR"
"74",8202,7376,"NCOA3","NR1H2"
"75",8202,10062,"NCOA3","NR1H3"
"76",8202,2494,"NCOA3","NR5A2"
"77",8202,5465,"NCOA3","PPARA"
"78",8202,5468,"NCOA3","PPARG"
"79",8202,5914,"NCOA3","RARA"
"80",8202,5916,"NCOA3","RARG"
"81",8202,5970,"NCOA3","RELA"
"82",8202,6256,"NCOA3","RXRA"
"83",8202,6506,"NCOA3","SLC1A2"
"84",8202,7068,"NCOA3","THRB"
"85",8202,7421,"NCOA3","VDR"
"86",23054,7376,"NCOA6","NR1H2"
"87",23054,10062,"NCOA6","NR1H3"
"88",23054,5468,"NCOA6","PPARG"
"89",23054,3275,"NCOA6","PRMT2"
"90",23054,4087,"NCOA6","SMAD2"
"91",23054,4088,"NCOA6","SMAD3"
"92",9611,7376,"NCOR1","NR1H2"
"93",9611,10062,"NCOR1","NR1H3"
"94",9611,5468,"NCOR1","PPARG"
"95",9611,5914,"NCOR1","RARA"
"96",9611,6506,"NCOR1","SLC1A2"
"97",9611,7067,"NCOR1","THRA"
"98",9612,7376,"NCOR2","NR1H2"
"99",9612,5467,"NCOR2","PPARD"
"100",9612,5468,"NCOR2","PPARG"
"101",9612,5914,"NCOR2","RARA"
"102",9612,5916,"NCOR2","RARG"
"103",9612,6256,"NCOR2","RXRA"
"104",9612,6258,"NCOR2","RXRG"
"105",9612,6506,"NCOR2","SLC1A2"
"106",190,5468,"NR0B1","PPARG"
"107",7376,6256,"NR1H2","RXRA"
"108",10062,6256,"NR1H3","RXRA"
"109",9971,6256,"NR1H4","RXRA"
"110",8856,10891,"NR1I2","PPARGC1A"
"111",8856,6256,"NR1I2","RXRA"
"112",9970,10891,"NR1I3","PPARGC1A"
"113",9970,6256,"NR1I3","RXRA"
"114",5467,6256,"PPARD","RXRA"
"115",5468,3275,"PPARG","PRMT2"
"116",5468,6256,"PPARG","RXRA"
"117",3275,6256,"PRMT2","RXRA"
"118",5629,6095,"PROX1","RORA"
"119",5914,6256,"RARA","RXRA"
"120",5916,6256,"RARG","RXRA"
"121",6256,4087,"RXRA","SMAD2"
"122",6256,7067,"RXRA","THRA"
"123",6256,7068,"RXRA","THRB"
"124",6256,7421,"RXRA","VDR"
"125",4088,6721,"SMAD3","SREBF2"
"126",367,10499,"AR","NCOA2"
"127",604,9611,"BCL6","NCOR1"
"128",604,9612,"BCL6","NCOR2"
"129",1024,1387,"CDK8","CREBBP"
"130",1024,51586,"CDK8","MED15"
"131",1024,5469,"CDK8","MED1"
"132",1024,9439,"CDK8","MED23"
"133",1024,9862,"CDK8","MED24"
"134",1024,81857,"CDK8","MED25"
"135",1024,10001,"CDK8","MED6"
"136",1024,6720,"CDK8","SREBF1"
"137",1024,6721,"CDK8","SREBF2"
"138",1387,2624,"CREBBP","GATA2"
"139",1387,51586,"CREBBP","MED15"
"140",1387,5469,"CREBBP","MED1"
"141",1387,10001,"CREBBP","MED6"
"142",1387,6720,"CREBBP","SREBF1"
"143",1387,6721,"CREBBP","SREBF2"
"144",2033,2099,"EP300","ESR1"
"145",2033,3091,"EP300","HIF1A"
"146",2099,10499,"ESR1","NCOA2"
"147",2101,3091,"ESRRA","HIF1A"
"148",8841,9759,"HDAC3","HDAC4"
"149",8841,9611,"HDAC3","NCOR1"
"150",8841,9612,"HDAC3","NCOR2"
"151",8841,8431,"HDAC3","NR0B2"
"152",9759,9611,"HDAC4","NCOR1"
"153",3091,9794,"HIF1A","MAML1"
"154",7403,23054,"KDM6A","NCOA6"
"155",84246,9862,"MED10","MED24"
"156",51586,9439,"MED15","MED23"
"157",51586,9862,"MED15","MED24"
"158",51586,81857,"MED15","MED25"
"159",51586,10001,"MED15","MED6"
"160",51586,6720,"MED15","SREBF1"
"161",51586,6721,"MED15","SREBF2"
"162",5469,51586,"MED1","MED15"
"163",5469,9439,"MED1","MED23"
"164",5469,9862,"MED1","MED24"
"165",5469,81857,"MED1","MED25"
"166",5469,10001,"MED1","MED6"
"167",5469,5914,"MED1","RARA"
"168",5469,6256,"MED1","RXRA"
"169",5469,6720,"MED1","SREBF1"
"170",5469,6721,"MED1","SREBF2"
"171",5469,7421,"MED1","VDR"
"172",9439,9862,"MED23","MED24"
"173",9439,81857,"MED23","MED25"
"174",9862,81857,"MED24","MED25"
"175",10001,6720,"MED6","SREBF1"
"176",10001,6721,"MED6","SREBF2"
"177",8648,9971,"NCOA1","NR1H4"
"178",8648,2494,"NCOA1","NR5A2"
"179",8648,5914,"NCOA1","RARA"
"180",8648,6256,"NCOA1","RXRA"
"181",8648,7421,"NCOA1","VDR"
"182",10499,7376,"NCOA2","NR1H2"
"183",10499,2494,"NCOA2","NR5A2"
"184",10499,5914,"NCOA2","RARA"
"185",10499,6256,"NCOA2","RXRA"
"186",10499,7421,"NCOA2","VDR"
"187",23054,5468,"NCOA6","PPARG"
"188",9611,5914,"NCOR1","RARA"
"189",9612,2494,"NCOR2","NR5A2"
"190",9612,5914,"NCOR2","RARA"
"191",7376,6256,"NR1H2","RXRA"
"192",2494,10891,"NR5A2","PPARGC1A"
"193",5439,9400,"POLR2J","RECQL5"
"194",5465,6256,"PPARA","RXRA"
"195",5468,6256,"PPARG","RXRA"
"196",5914,6256,"RARA","RXRA"
"197",6256,7421,"RXRA","VDR"
"198",367,1387,"AR","CREBBP"
"199",367,2033,"AR","EP300"
"200",367,8841,"AR","HDAC3"
"201",367,5469,"AR","MED1"
"202",367,9862,"AR","MED24"
"203",367,8648,"AR","NCOA1"
"204",367,10499,"AR","NCOA2"
"205",367,8202,"AR","NCOA3"
"206",367,23054,"AR","NCOA6"
"207",367,9611,"AR","NCOR1"
"208",367,9612,"AR","NCOR2"
"209",367,6720,"AR","SREBF1"
"210",6310,2101,"ATXN1","ESRRA"
"211",6310,51586,"ATXN1","MED15"
"212",6310,9611,"ATXN1","NCOR1"
"213",6310,9612,"ATXN1","NCOR2"
"214",6310,6720,"ATXN1","SREBF1"
"215",6310,6721,"ATXN1","SREBF2"
"216",602,2033,"BCL3","EP300"
"217",602,8841,"BCL3","HDAC3"
"218",602,8648,"BCL3","NCOA1"
"219",602,23054,"BCL3","NCOA6"
"220",602,6256,"BCL3","RXRA"
"221",604,1024,"BCL6","CDK8"
"222",604,1387,"BCL6","CREBBP"
"223",604,2033,"BCL6","EP300"
"224",604,9439,"BCL6","MED23"
"225",604,10001,"BCL6","MED6"
"226",604,9611,"BCL6","NCOR1"
"227",604,9612,"BCL6","NCOR2"
"228",604,10891,"BCL6","PPARGC1A"
"229",672,1024,"BRCA1","CDK8"
"230",672,1387,"BRCA1","CREBBP"
"231",672,2033,"BRCA1","EP300"
"232",672,3091,"BRCA1","HIF1A"
"233",672,5469,"BRCA1","MED1"
"234",672,9412,"BRCA1","MED21"
"235",672,9439,"BRCA1","MED23"
"236",672,9862,"BRCA1","MED24"
"237",672,10499,"BRCA1","NCOA2"
"238",672,8202,"BRCA1","NCOA3"
"239",672,5439,"BRCA1","POLR2J"
"240",1024,1051,"CDK8","CEBPB"
"241",1024,1387,"CDK8","CREBBP"
"242",1024,2099,"CDK8","ESR1"
"243",1024,2100,"CDK8","ESR2"
"244",1024,8850,"CDK8","KAT2B"
"245",1024,84246,"CDK8","MED10"
"246",1024,400569,"CDK8","MED11"
"247",1024,51586,"CDK8","MED15"
"248",1024,54797,"CDK8","MED18"
"249",1024,219541,"CDK8","MED19"
"250",1024,5469,"CDK8","MED1"
"251",1024,9412,"CDK8","MED21"
"252",1024,9439,"CDK8","MED23"
"253",1024,9862,"CDK8","MED24"
"254",1024,81857,"CDK8","MED25"
"255",1024,51003,"CDK8","MED31"
"256",1024,10001,"CDK8","MED6"
"257",1024,9443,"CDK8","MED7"
"258",1024,8204,"CDK8","NRIP1"
"259",1024,4087,"CDK8","SMAD2"
"260",1024,4088,"CDK8","SMAD3"
"261",1024,6720,"CDK8","SREBF1"
"262",1024,7067,"CDK8","THRA"
"263",1029,3091,"CDKN2A","HIF1A"
"264",1051,1387,"CEBPB","CREBBP"
"265",1051,2033,"CEBPB","EP300"
"266",1051,9439,"CEBPB","MED23"
"267",1051,9611,"CEBPB","NCOR1"
"268",1051,9612,"CEBPB","NCOR2"
"269",1051,5468,"CEBPB","PPARG"
"270",1051,6095,"CEBPB","RORA"
"271",80205,5465,"CHD9","PPARA"
"272",80205,6256,"CHD9","RXRA"
"273",1387,2033,"CREBBP","EP300"
"274",1387,2034,"CREBBP","EPAS1"
"275",1387,2099,"CREBBP","ESR1"
"276",1387,2100,"CREBBP","ESR2"
"277",1387,2353,"CREBBP","FOS"
"278",1387,23426,"CREBBP","GRIP1"
"279",1387,8841,"CREBBP","HDAC3"
"280",1387,3091,"CREBBP","HIF1A"
"281",1387,3725,"CREBBP","JUN"
"282",1387,8850,"CREBBP","KAT2B"
"283",1387,9314,"CREBBP","KLF4"
"284",1387,9794,"CREBBP","MAML1"
"285",1387,9412,"CREBBP","MED21"
"286",1387,81857,"CREBBP","MED25"
"287",1387,4605,"CREBBP","MYBL2"
"288",1387,4654,"CREBBP","MYOD1"
"289",1387,8648,"CREBBP","NCOA1"
"290",1387,10499,"CREBBP","NCOA2"
"291",1387,8202,"CREBBP","NCOA3"
"292",1387,23054,"CREBBP","NCOA6"
"293",1387,9611,"CREBBP","NCOR1"
"294",1387,9612,"CREBBP","NCOR2"
"295",1387,2908,"CREBBP","NR3C1"
"296",1387,5449,"CREBBP","POU1F1"
"297",1387,10891,"CREBBP","PPARGC1A"
"298",1387,5468,"CREBBP","PPARG"
"299",1387,5914,"CREBBP","RARA"
"300",1387,5970,"CREBBP","RELA"
"301",1387,4087,"CREBBP","SMAD2"
"302",1387,4088,"CREBBP","SMAD3"
"303",1387,6667,"CREBBP","SP1"
"304",1387,10847,"CREBBP","SRCAP"
"305",1387,6720,"CREBBP","SREBF1"
"306",1387,6721,"CREBBP","SREBF2"
"307",1387,6722,"CREBBP","SRF"
"308",1387,6908,"CREBBP","TBP"
"309",1387,96764,"CREBBP","TGS1"
"310",1387,9325,"CREBBP","TRIP4"
"311",1387,7421,"CREBBP","VDR"
"312",2033,2034,"EP300","EPAS1"
"313",2033,2056,"EP300","EPO"
"314",2033,2099,"EP300","ESR1"
"315",2033,2100,"EP300","ESR2"
"316",2033,2353,"EP300","FOS"
"317",2033,2624,"EP300","GATA2"
"318",2033,23426,"EP300","GRIP1"
"319",2033,8841,"EP300","HDAC3"
"320",2033,3091,"EP300","HIF1A"
"321",2033,3725,"EP300","JUN"
"322",2033,8850,"EP300","KAT2B"
"323",2033,9314,"EP300","KLF4"
"324",2033,9794,"EP300","MAML1"
"325",2033,4605,"EP300","MYBL2"
"326",2033,4654,"EP300","MYOD1"
"327",2033,8648,"EP300","NCOA1"
"328",2033,10499,"EP300","NCOA2"
"329",2033,8202,"EP300","NCOA3"
"330",2033,23054,"EP300","NCOA6"
"331",2033,9611,"EP300","NCOR1"
"332",2033,9612,"EP300","NCOR2"
"333",2033,9971,"EP300","NR1H4"
"334",2033,2908,"EP300","NR3C1"
"335",2033,3164,"EP300","NR4A1"
"336",2033,5241,"EP300","PGR"
"337",2033,5465,"EP300","PPARA"
"338",2033,5467,"EP300","PPARD"
"339",2033,10891,"EP300","PPARGC1A"
"340",2033,5468,"EP300","PPARG"
"341",2033,5629,"EP300","PROX1"
"342",2033,5914,"EP300","RARA"
"343",2033,5970,"EP300","RELA"
"344",2033,6095,"EP300","RORA"
"345",2033,6256,"EP300","RXRA"
"346",2033,4087,"EP300","SMAD2"
"347",2033,4088,"EP300","SMAD3"
"348",2033,6667,"EP300","SP1"
"349",2033,10847,"EP300","SRCAP"
"350",2033,6720,"EP300","SREBF1"
"351",2033,6721,"EP300","SREBF2"
"352",2033,6908,"EP300","TBP"
"353",2033,96764,"EP300","TGS1"
"354",2033,7067,"EP300","THRA"
"355",2033,9325,"EP300","TRIP4"
"356",2033,7421,"EP300","VDR"
"357",2034,3091,"EPAS1","HIF1A"
"358",2034,84246,"EPAS1","MED10"
"359",2034,400569,"EPAS1","MED11"
"360",2034,51586,"EPAS1","MED15"
"361",2034,54797,"EPAS1","MED18"
"362",2034,5469,"EPAS1","MED1"
"363",2034,9439,"EPAS1","MED23"
"364",2034,9862,"EPAS1","MED24"
"365",2034,81857,"EPAS1","MED25"
"366",2034,9443,"EPAS1","MED7"
"367",2099,2101,"ESR1","ESRRA"
"368",2099,8841,"ESR1","HDAC3"
"369",2099,3091,"ESR1","HIF1A"
"370",2099,84246,"ESR1","MED10"
"371",2099,5469,"ESR1","MED1"
"372",2099,9412,"ESR1","MED21"
"373",2099,9439,"ESR1","MED23"
"374",2099,9862,"ESR1","MED24"
"375",2099,81857,"ESR1","MED25"
"376",2099,10001,"ESR1","MED6"
"377",2099,9443,"ESR1","MED7"
"378",2099,8648,"ESR1","NCOA1"
"379",2099,10499,"ESR1","NCOA2"
"380",2099,8202,"ESR1","NCOA3"
"381",2099,23054,"ESR1","NCOA6"
"382",2099,9611,"ESR1","NCOR1"
"383",2099,9612,"ESR1","NCOR2"
"384",2099,10891,"ESR1","PPARGC1A"
"385",2099,5468,"ESR1","PPARG"
"386",2099,6256,"ESR1","RXRA"
"387",2100,84246,"ESR2","MED10"
"388",2100,5469,"ESR2","MED1"
"389",2100,9412,"ESR2","MED21"
"390",2100,9439,"ESR2","MED23"
"391",2100,9862,"ESR2","MED24"
"392",2100,10001,"ESR2","MED6"
"393",2100,9443,"ESR2","MED7"
"394",2100,8648,"ESR2","NCOA1"
"395",2100,10499,"ESR2","NCOA2"
"396",2100,8202,"ESR2","NCOA3"
"397",2100,23054,"ESR2","NCOA6"
"398",2100,9612,"ESR2","NCOR2"
"399",2100,10891,"ESR2","PPARGC1A"
"400",2100,5468,"ESR2","PPARG"
"401",2100,6256,"ESR2","RXRA"
"402",2101,8850,"ESRRA","KAT2B"
"403",2101,8648,"ESRRA","NCOA1"
"404",2101,8202,"ESRRA","NCOA3"
"405",2101,190,"ESRRA","NR0B1"
"406",2101,8431,"ESRRA","NR0B2"
"407",2101,8204,"ESRRA","NRIP1"
"408",2101,10891,"ESRRA","PPARGC1A"
"409",2101,5629,"ESRRA","PROX1"
"410",2101,6604,"ESRRA","SMARCD3"
"411",2101,6667,"ESRRA","SP1"
"412",2353,8648,"FOS","NCOA1"
"413",2353,10499,"FOS","NCOA2"
"414",2353,8202,"FOS","NCOA3"
"415",2353,23054,"FOS","NCOA6"
"416",2353,9612,"FOS","NCOR2"
"417",2624,8841,"GATA2","HDAC3"
"418",2624,5469,"GATA2","MED1"
"419",23426,23054,"GRIP1","NCOA6"
"420",23426,5468,"GRIP1","PPARG"
"421",23426,6256,"GRIP1","RXRA"
"422",8841,9759,"HDAC3","HDAC4"
"423",8841,3091,"HDAC3","HIF1A"
"424",8841,3725,"HDAC3","JUN"
"425",8841,8850,"HDAC3","KAT2B"
"426",8841,9611,"HDAC3","NCOR1"
"427",8841,9612,"HDAC3","NCOR2"
"428",8841,4792,"HDAC3","NFKBIA"
"429",8841,8431,"HDAC3","NR0B2"
"430",8841,10002,"HDAC3","NR2E3"
"431",8841,8204,"HDAC3","NRIP1"
"432",8841,5467,"HDAC3","PPARD"
"433",8841,5468,"HDAC3","PPARG"
"434",8841,5629,"HDAC3","PROX1"
"435",8841,5914,"HDAC3","RARA"
"436",8841,5970,"HDAC3","RELA"
"437",8841,6256,"HDAC3","RXRA"
"438",8841,6667,"HDAC3","SP1"
"439",8841,6721,"HDAC3","SREBF2"
"440",8841,6722,"HDAC3","SRF"
"441",8841,7067,"HDAC3","THRA"
"442",8841,7068,"HDAC3","THRB"
"443",9759,3091,"HDAC4","HIF1A"
"444",9759,9611,"HDAC4","NCOR1"
"445",9759,9612,"HDAC4","NCOR2"
"446",9759,5468,"HDAC4","PPARG"
"447",9759,6256,"HDAC4","RXRA"
"448",3091,3725,"HIF1A","JUN"
"449",3091,8850,"HIF1A","KAT2B"
"450",3091,8648,"HIF1A","NCOA1"
"451",3091,3164,"HIF1A","NR4A1"
"452",3091,5970,"HIF1A","RELA"
"453",3091,4088,"HIF1A","SMAD3"
"454",3091,6667,"HIF1A","SP1"
"455",3725,8648,"JUN","NCOA1"
"456",3725,23054,"JUN","NCOA6"
"457",3725,9611,"JUN","NCOR1"
"458",3725,9612,"JUN","NCOR2"
"459",3725,6604,"JUN","SMARCD3"
"460",2648,5469,"KAT2A","MED1"
"461",2648,10891,"KAT2A","PPARGC1A"
"462",2648,6720,"KAT2A","SREBF1"
"463",8850,9412,"KAT2B","MED21"
"464",8850,8648,"KAT2B","NCOA1"
"465",8850,8202,"KAT2B","NCOA3"
"466",7403,23054,"KDM6A","NCOA6"
"467",9314,5468,"KLF4","PPARG"
"468",84246,400569,"MED10","MED11"
"469",84246,51586,"MED10","MED15"
"470",84246,54797,"MED10","MED18"
"471",84246,219541,"MED10","MED19"
"472",84246,9412,"MED10","MED21"
"473",84246,9439,"MED10","MED23"
"474",84246,9862,"MED10","MED24"
"475",84246,81857,"MED10","MED25"
"476",84246,51003,"MED10","MED31"
"477",84246,10001,"MED10","MED6"
"478",84246,9443,"MED10","MED7"
"479",84246,5435,"MED10","POLR2F"
"480",84246,5439,"MED10","POLR2J"
"481",84246,5440,"MED10","POLR2K"
"482",84246,5441,"MED10","POLR2L"
"483",84246,9325,"MED10","TRIP4"
"484",400569,54797,"MED11","MED18"
"485",400569,219541,"MED11","MED19"
"486",400569,9412,"MED11","MED21"
"487",400569,9862,"MED11","MED24"
"488",400569,81857,"MED11","MED25"
"489",400569,10001,"MED11","MED6"
"490",400569,9325,"MED11","TRIP4"
"491",51586,54797,"MED15","MED18"
"492",51586,219541,"MED15","MED19"
"493",51586,9439,"MED15","MED23"
"494",51586,81857,"MED15","MED25"
"495",51586,10001,"MED15","MED6"
"496",51586,9443,"MED15","MED7"
"497",51586,23054,"MED15","NCOA6"
"498",51586,5970,"MED15","RELA"
"499",51586,4087,"MED15","SMAD2"
"500",51586,4088,"MED15","SMAD3"
"501",51586,6720,"MED15","SREBF1"
"502",51586,9325,"MED15","TRIP4"
"503",54797,219541,"MED18","MED19"
"504",54797,9412,"MED18","MED21"
"505",54797,9439,"MED18","MED23"
"506",54797,9862,"MED18","MED24"
"507",54797,81857,"MED18","MED25"
"508",54797,51003,"MED18","MED31"
"509",54797,10001,"MED18","MED6"
"510",219541,9412,"MED19","MED21"
"511",219541,9439,"MED19","MED23"
"512",219541,9862,"MED19","MED24"
"513",219541,81857,"MED19","MED25"
"514",219541,51003,"MED19","MED31"
"515",219541,10001,"MED19","MED6"
"516",219541,9443,"MED19","MED7"
"517",219541,4792,"MED19","NFKBIA"
"518",219541,5435,"MED19","POLR2F"
"519",219541,5439,"MED19","POLR2J"
"520",219541,5440,"MED19","POLR2K"
"521",219541,5441,"MED19","POLR2L"
"522",5469,84246,"MED1","MED10"
"523",5469,400569,"MED1","MED11"
"524",5469,51586,"MED1","MED15"
"525",5469,54797,"MED1","MED18"
"526",5469,219541,"MED1","MED19"
"527",5469,9412,"MED1","MED21"
"528",5469,9439,"MED1","MED23"
"529",5469,9862,"MED1","MED24"
"530",5469,81857,"MED1","MED25"
"531",5469,51003,"MED1","MED31"
"532",5469,10001,"MED1","MED6"
"533",5469,9443,"MED1","MED7"
"534",5469,23054,"MED1","NCOA6"
"535",5469,7376,"MED1","NR1H2"
"536",5469,2908,"MED1","NR3C1"
"537",5469,5435,"MED1","POLR2F"
"538",5469,5449,"MED1","POU1F1"
"539",5469,10891,"MED1","PPARGC1A"
"540",5469,5468,"MED1","PPARG"
"541",5469,5914,"MED1","RARA"
"542",5469,6256,"MED1","RXRA"
"543",5469,6720,"MED1","SREBF1"
"544",5469,96764,"MED1","TGS1"
"545",5469,7067,"MED1","THRA"
"546",5469,9325,"MED1","TRIP4"
"547",5469,7421,"MED1","VDR"
"548",9412,9862,"MED21","MED24"
"549",9412,10001,"MED21","MED6"
"550",9412,10891,"MED21","PPARGC1A"
"551",9412,6720,"MED21","SREBF1"
"552",9412,7067,"MED21","THRA"
"553",9412,7068,"MED21","THRB"
"554",9412,7421,"MED21","VDR"
"555",9439,81857,"MED23","MED25"
"556",9439,10001,"MED23","MED6"
"557",9439,23054,"MED23","NCOA6"
"558",9439,5970,"MED23","RELA"
"559",9439,6720,"MED23","SREBF1"
"560",9439,9325,"MED23","TRIP4"
"561",9439,7421,"MED23","VDR"
"562",9862,5465,"MED24","PPARA"
"563",9862,5468,"MED24","PPARG"
"564",9862,6256,"MED24","RXRA"
"565",9862,4087,"MED24","SMAD2"
"566",9862,4088,"MED24","SMAD3"
"567",9862,6720,"MED24","SREBF1"
"568",9862,7067,"MED24","THRA"
"569",9862,9325,"MED24","TRIP4"
"570",9862,7421,"MED24","VDR"
"571",81857,10001,"MED25","MED6"
"572",81857,9443,"MED25","MED7"
"573",81857,2908,"MED25","NR3C1"
"574",81857,5914,"MED25","RARA"
"575",81857,6256,"MED25","RXRA"
"576",81857,6720,"MED25","SREBF1"
"577",81857,7067,"MED25","THRA"
"578",81857,9325,"MED25","TRIP4"
"579",51003,9443,"MED31","MED7"
"580",51003,3164,"MED31","NR4A1"
"581",10001,9443,"MED6","MED7"
"582",10001,5914,"MED6","RARA"
"583",10001,4087,"MED6","SMAD2"
"584",10001,4088,"MED6","SMAD3"
"585",10001,6720,"MED6","SREBF1"
"586",10001,7067,"MED6","THRA"
"587",10001,7421,"MED6","VDR"
"588",9443,5970,"MED7","RELA"
"589",9443,6720,"MED7","SREBF1"
"590",9443,7421,"MED7","VDR"
"591",4654,9611,"MYOD1","NCOR1"
"592",4654,10891,"MYOD1","PPARGC1A"
"593",4654,6095,"MYOD1","RORA"
"594",4654,6256,"MYOD1","RXRA"
"595",4654,6604,"MYOD1","SMARCD3"
"596",8648,10499,"NCOA1","NCOA2"
"597",8648,8202,"NCOA1","NCOA3"
"598",8648,23054,"NCOA1","NCOA6"
"599",8648,9611,"NCOA1","NCOR1"
"600",8648,9971,"NCOA1","NR1H4"
"601",8648,8856,"NCOA1","NR1I2"
"602",8648,2908,"NCOA1","NR3C1"
"603",8648,3164,"NCOA1","NR4A1"
"604",8648,2494,"NCOA1","NR5A2"
"605",8648,5241,"NCOA1","PGR"
"606",8648,5465,"NCOA1","PPARA"
"607",8648,5467,"NCOA1","PPARD"
"608",8648,10891,"NCOA1","PPARGC1A"
"609",8648,5468,"NCOA1","PPARG"
"610",8648,5914,"NCOA1","RARA"
"611",8648,5916,"NCOA1","RARG"
"612",8648,6095,"NCOA1","RORA"
"613",8648,6256,"NCOA1","RXRA"
"614",8648,6908,"NCOA1","TBP"
"615",8648,7067,"NCOA1","THRA"
"616",8648,7068,"NCOA1","THRB"
"617",8648,9325,"NCOA1","TRIP4"
"618",8648,7421,"NCOA1","VDR"
"619",10499,8202,"NCOA2","NCOA3"
"620",10499,8856,"NCOA2","NR1I2"
"621",10499,2908,"NCOA2","NR3C1"
"622",10499,5241,"NCOA2","PGR"
"623",10499,5467,"NCOA2","PPARD"
"624",10499,5468,"NCOA2","PPARG"
"625",10499,5914,"NCOA2","RARA"
"626",10499,6256,"NCOA2","RXRA"
"627",10499,7067,"NCOA2","THRA"
"628",10499,7068,"NCOA2","THRB"
"629",10499,7421,"NCOA2","VDR"
"630",8202,9611,"NCOA3","NCOR1"
"631",8202,9612,"NCOA3","NCOR2"
"632",8202,8431,"NCOA3","NR0B2"
"633",8202,7376,"NCOA3","NR1H2"
"634",8202,10062,"NCOA3","NR1H3"
"635",8202,8856,"NCOA3","NR1I2"
"636",8202,2908,"NCOA3","NR3C1"
"637",8202,3164,"NCOA3","NR4A1"
"638",8202,2494,"NCOA3","NR5A2"
"639",8202,5241,"NCOA3","PGR"
"640",8202,5468,"NCOA3","PPARG"
"641",8202,5914,"NCOA3","RARA"
"642",8202,5916,"NCOA3","RARG"
"643",8202,6256,"NCOA3","RXRA"
"644",8202,4087,"NCOA3","SMAD2"
"645",8202,4088,"NCOA3","SMAD3"
"646",8202,7067,"NCOA3","THRA"
"647",8202,7068,"NCOA3","THRB"
"648",8202,7421,"NCOA3","VDR"
"649",23054,9612,"NCOA6","NCOR2"
"650",23054,7376,"NCOA6","NR1H2"
"651",23054,10062,"NCOA6","NR1H3"
"652",23054,9971,"NCOA6","NR1H4"
"653",23054,8856,"NCOA6","NR1I2"
"654",23054,2908,"NCOA6","NR3C1"
"655",23054,10891,"NCOA6","PPARGC1A"
"656",23054,5468,"NCOA6","PPARG"
"657",23054,5914,"NCOA6","RARA"
"658",23054,5970,"NCOA6","RELA"
"659",23054,6256,"NCOA6","RXRA"
"660",23054,4087,"NCOA6","SMAD2"
"661",23054,4088,"NCOA6","SMAD3"
"662",23054,6722,"NCOA6","SRF"
"663",23054,6908,"NCOA6","TBP"
"664",23054,96764,"NCOA6","TGS1"
"665",23054,7067,"NCOA6","THRA"
"666",23054,7068,"NCOA6","THRB"
"667",23054,7421,"NCOA6","VDR"
"668",9611,9612,"NCOR1","NCOR2"
"669",9611,4792,"NCOR1","NFKBIA"
"670",9611,7376,"NCOR1","NR1H2"
"671",9611,10062,"NCOR1","NR1H3"
"672",9611,9971,"NCOR1","NR1H4"
"673",9611,8856,"NCOR1","NR1I2"
"674",9611,10002,"NCOR1","NR2E3"
"675",9611,2908,"NCOR1","NR3C1"
"676",9611,5241,"NCOR1","PGR"
"677",9611,5449,"NCOR1","POU1F1"
"678",9611,5465,"NCOR1","PPARA"
"679",9611,5467,"NCOR1","PPARD"
"680",9611,5468,"NCOR1","PPARG"
"681",9611,5914,"NCOR1","RARA"
"682",9611,5916,"NCOR1","RARG"
"683",9611,6256,"NCOR1","RXRA"
"684",9611,6667,"NCOR1","SP1"
"685",9611,10847,"NCOR1","SRCAP"
"686",9611,6878,"NCOR1","TAF6"
"687",9611,7067,"NCOR1","THRA"
"688",9611,7068,"NCOR1","THRB"
"689",9611,7421,"NCOR1","VDR"
"690",9612,4792,"NCOR2","NFKBIA"
"691",9612,7376,"NCOR2","NR1H2"
"692",9612,9971,"NCOR2","NR1H4"
"693",9612,8856,"NCOR2","NR1I2"
"694",9612,2908,"NCOR2","NR3C1"
"695",9612,3164,"NCOR2","NR4A1"
"696",9612,5241,"NCOR2","PGR"
"697",9612,5465,"NCOR2","PPARA"
"698",9612,5467,"NCOR2","PPARD"
"699",9612,5468,"NCOR2","PPARG"
"700",9612,5914,"NCOR2","RARA"
"701",9612,5916,"NCOR2","RARG"
"702",9612,5970,"NCOR2","RELA"
"703",9612,6256,"NCOR2","RXRA"
"704",9612,6258,"NCOR2","RXRG"
"705",9612,6667,"NCOR2","SP1"
"706",9612,6722,"NCOR2","SRF"
"707",9612,7067,"NCOR2","THRA"
"708",9612,7068,"NCOR2","THRB"
"709",9612,7421,"NCOR2","VDR"
"710",190,5468,"NR0B1","PPARG"
"711",190,6095,"NR0B1","RORA"
"712",190,6720,"NR0B1","SREBF1"
"713",8431,5468,"NR0B2","PPARG"
"714",8431,6256,"NR0B2","RXRA"
"715",7376,6256,"NR1H2","RXRA"
"716",10062,5465,"NR1H3","PPARA"
"717",10062,6256,"NR1H3","RXRA"
"718",9971,10891,"NR1H4","PPARGC1A"
"719",9971,6256,"NR1H4","RXRA"
"720",9971,6604,"NR1H4","SMARCD3"
"721",8856,10891,"NR1I2","PPARGC1A"
"722",8856,6256,"NR1I2","RXRA"
"723",9970,6256,"NR1I3","RXRA"
"724",10002,2908,"NR2E3","NR3C1"
"725",10002,5468,"NR2E3","PPARG"
"726",10002,5914,"NR2E3","RARA"
"727",10002,6256,"NR2E3","RXRA"
"728",10002,7421,"NR2E3","VDR"
"729",2908,10891,"NR3C1","PPARGC1A"
"730",2908,5468,"NR3C1","PPARG"
"731",3164,6256,"NR4A1","RXRA"
"732",2494,10891,"NR5A2","PPARGC1A"
"733",8204,5465,"NRIP1","PPARA"
"734",8204,5468,"NRIP1","PPARG"
"735",8204,6256,"NRIP1","RXRA"
"736",5435,5440,"POLR2F","POLR2K"
"737",5439,5440,"POLR2J","POLR2K"
"738",5449,5465,"POU1F1","PPARA"
"739",5449,5468,"POU1F1","PPARG"
"740",5465,10891,"PPARA","PPARGC1A"
"741",5465,5970,"PPARA","RELA"
"742",5465,6256,"PPARA","RXRA"
"743",5465,6258,"PPARA","RXRG"
"744",5467,6256,"PPARD","RXRA"
"745",10891,6256,"PPARGC1A","RXRA"
"746",10891,7068,"PPARGC1A","THRB"
"747",5468,10891,"PPARG","PPARGC1A"
"748",5468,5970,"PPARG","RELA"
"749",5468,6256,"PPARG","RXRA"
"750",5468,4087,"PPARG","SMAD2"
"751",5468,6604,"PPARG","SMARCD3"
"752",5468,6667,"PPARG","SP1"
"753",5468,9325,"PPARG","TRIP4"
"754",5468,221504,"PPARG","ZBTB9"
"755",5629,6095,"PROX1","RORA"
"756",5914,6256,"RARA","RXRA"
"757",5914,6604,"RARA","SMARCD3"
"758",5916,6256,"RARG","RXRA"
"759",5970,6256,"RELA","RXRA"
"760",6095,6604,"RORA","SMARCD3"
"761",6256,4087,"RXRA","SMAD2"
"762",6256,6667,"RXRA","SP1"
"763",6256,6908,"RXRA","TBP"
"764",6256,7067,"RXRA","THRA"
"765",6256,7068,"RXRA","THRB"
"766",6256,7421,"RXRA","VDR"
"767",4088,6721,"SMAD3","SREBF2"
"768",6604,6720,"SMARCD3","SREBF1"
"769",6667,6720,"SP1","SREBF1"
"770",6667,6721,"SP1","SREBF2"
"771",6720,6721,"SREBF1","SREBF2"
"772",10060,1387,"ABCC9","CREBBP"
"773",10060,2033,"ABCC9","EP300"
"774",10060,5469,"ABCC9","MED1"
"775",10060,9862,"ABCC9","MED24"
"776",10060,8648,"ABCC9","NCOA1"
"777",10060,23054,"ABCC9","NCOA6"
"778",10060,5465,"ABCC9","PPARA"
"779",10060,10891,"ABCC9","PPARGC1A"
"780",10060,96764,"ABCC9","TGS1"
"781",367,1387,"AR","CREBBP"
"782",367,2033,"AR","EP300"
"783",367,3091,"AR","HIF1A"
"784",367,5469,"AR","MED1"
"785",367,8648,"AR","NCOA1"
"786",367,10499,"AR","NCOA2"
"787",367,8202,"AR","NCOA3"
"788",367,9611,"AR","NCOR1"
"789",367,9612,"AR","NCOR2"
"790",6310,51586,"ATXN1","MED15"
"791",6310,9611,"ATXN1","NCOR1"
"792",6310,6095,"ATXN1","RORA"
"793",6310,6720,"ATXN1","SREBF1"
"794",602,1387,"BCL3","CREBBP"
"795",602,8841,"BCL3","HDAC3"
"796",602,8648,"BCL3","NCOA1"
"797",602,6256,"BCL3","RXRA"
"798",604,2033,"BCL6","EP300"
"799",604,9611,"BCL6","NCOR1"
"800",604,9612,"BCL6","NCOR2"
"801",672,1387,"BRCA1","CREBBP"
"802",672,2033,"BRCA1","EP300"
"803",672,5469,"BRCA1","MED1"
"804",672,9412,"BRCA1","MED21"
"805",672,5435,"BRCA1","POLR2F"
"806",672,5439,"BRCA1","POLR2J"
"807",672,5440,"BRCA1","POLR2K"
"808",672,5441,"BRCA1","POLR2L"
"809",905,10891,"CCNT2","PPARGC1A"
"810",994,1387,"CDC25B","CREBBP"
"811",1024,9794,"CDK8","MAML1"
"812",1024,400569,"CDK8","MED11"
"813",1024,51586,"CDK8","MED15"
"814",1024,54797,"CDK8","MED18"
"815",1024,219541,"CDK8","MED19"
"816",1024,5469,"CDK8","MED1"
"817",1024,9412,"CDK8","MED21"
"818",1024,9439,"CDK8","MED23"
"819",1024,9862,"CDK8","MED24"
"820",1024,81857,"CDK8","MED25"
"821",1024,51003,"CDK8","MED31"
"822",1024,10001,"CDK8","MED6"
"823",1024,9443,"CDK8","MED7"
"824",1051,1387,"CEBPB","CREBBP"
"825",1051,2033,"CEBPB","EP300"
"826",1051,9439,"CEBPB","MED23"
"827",80205,5465,"CHD9","PPARA"
"828",80205,6256,"CHD9","RXRA"
"829",1387,2033,"CREBBP","EP300"
"830",1387,2099,"CREBBP","ESR1"
"831",1387,8841,"CREBBP","HDAC3"
"832",1387,3091,"CREBBP","HIF1A"
"833",1387,3725,"CREBBP","JUN"
"834",1387,2648,"CREBBP","KAT2A"
"835",1387,8850,"CREBBP","KAT2B"
"836",1387,9314,"CREBBP","KLF4"
"837",1387,9794,"CREBBP","MAML1"
"838",1387,5469,"CREBBP","MED1"
"839",1387,9862,"CREBBP","MED24"
"840",1387,81857,"CREBBP","MED25"
"841",1387,4605,"CREBBP","MYBL2"
"842",1387,4654,"CREBBP","MYOD1"
"843",1387,8648,"CREBBP","NCOA1"
"844",1387,10499,"CREBBP","NCOA2"
"845",1387,8202,"CREBBP","NCOA3"
"846",1387,23054,"CREBBP","NCOA6"
"847",1387,2908,"CREBBP","NR3C1"
"848",1387,5449,"CREBBP","POU1F1"
"849",1387,5465,"CREBBP","PPARA"
"850",1387,10891,"CREBBP","PPARGC1A"
"851",1387,5468,"CREBBP","PPARG"
"852",1387,5629,"CREBBP","PROX1"
"853",1387,5914,"CREBBP","RARA"
"854",1387,5970,"CREBBP","RELA"
"855",1387,6256,"CREBBP","RXRA"
"856",1387,6258,"CREBBP","RXRG"
"857",1387,4087,"CREBBP","SMAD2"
"858",1387,4088,"CREBBP","SMAD3"
"859",1387,10847,"CREBBP","SRCAP"
"860",1387,6720,"CREBBP","SREBF1"
"861",1387,6721,"CREBBP","SREBF2"
"862",1387,6722,"CREBBP","SRF"
"863",1387,96764,"CREBBP","TGS1"
"864",1387,7067,"CREBBP","THRA"
"865",1387,9325,"CREBBP","TRIP4"
"866",1387,7421,"CREBBP","VDR"
"867",1387,7485,"CREBBP","WRB"
"868",2033,2034,"EP300","EPAS1"
"869",2033,2099,"EP300","ESR1"
"870",2033,2624,"EP300","GATA2"
"871",2033,3091,"EP300","HIF1A"
"872",2033,3725,"EP300","JUN"
"873",2033,2648,"EP300","KAT2A"
"874",2033,8850,"EP300","KAT2B"
"875",2033,9794,"EP300","MAML1"
"876",2033,5469,"EP300","MED1"
"877",2033,9862,"EP300","MED24"
"878",2033,4605,"EP300","MYBL2"
"879",2033,4654,"EP300","MYOD1"
"880",2033,8648,"EP300","NCOA1"
"881",2033,10499,"EP300","NCOA2"
"882",2033,8202,"EP300","NCOA3"
"883",2033,23054,"EP300","NCOA6"
"884",2033,3164,"EP300","NR4A1"
"885",2033,5465,"EP300","PPARA"
"886",2033,5467,"EP300","PPARD"
"887",2033,10891,"EP300","PPARGC1A"
"888",2033,5468,"EP300","PPARG"
"889",2033,5629,"EP300","PROX1"
"890",2033,5970,"EP300","RELA"
"891",2033,6095,"EP300","RORA"
"892",2033,4087,"EP300","SMAD2"
"893",2033,4088,"EP300","SMAD3"
"894",2033,6667,"EP300","SP1"
"895",2033,6721,"EP300","SREBF2"
"896",2033,96764,"EP300","TGS1"
"897",2033,9325,"EP300","TRIP4"
"898",2033,7485,"EP300","WRB"
"899",2099,2101,"ESR1","ESRRA"
"900",2099,5469,"ESR1","MED1"
"901",2099,9862,"ESR1","MED24"
"902",2099,8648,"ESR1","NCOA1"
"903",2099,10499,"ESR1","NCOA2"
"904",2099,8202,"ESR1","NCOA3"
"905",2099,23054,"ESR1","NCOA6"
"906",2099,9611,"ESR1","NCOR1"
"907",2099,9612,"ESR1","NCOR2"
"908",2099,10891,"ESR1","PPARGC1A"
"909",2099,6256,"ESR1","RXRA"
"910",2099,6604,"ESR1","SMARCD3"
"911",2099,6720,"ESR1","SREBF1"
"912",2100,5469,"ESR2","MED1"
"913",2100,8648,"ESR2","NCOA1"
"914",2100,8202,"ESR2","NCOA3"
"915",2100,23054,"ESR2","NCOA6"
"916",2100,9611,"ESR2","NCOR1"
"917",2100,9612,"ESR2","NCOR2"
"918",2100,10891,"ESR2","PPARGC1A"
"919",2100,6720,"ESR2","SREBF1"
"920",2101,8648,"ESRRA","NCOA1"
"921",2101,8202,"ESRRA","NCOA3"
"922",2101,190,"ESRRA","NR0B1"
"923",2101,8431,"ESRRA","NR0B2"
"924",2101,10891,"ESRRA","PPARGC1A"
"925",2101,5629,"ESRRA","PROX1"
"926",2353,8648,"FOS","NCOA1"
"927",2353,9612,"FOS","NCOR2"
"928",2624,8841,"GATA2","HDAC3"
"929",2624,3091,"GATA2","HIF1A"
"930",2624,6256,"GATA2","RXRA"
"931",8841,9759,"HDAC3","HDAC4"
"932",8841,3725,"HDAC3","JUN"
"933",8841,9611,"HDAC3","NCOR1"
"934",8841,9612,"HDAC3","NCOR2"
"935",8841,4792,"HDAC3","NFKBIA"
"936",8841,10002,"HDAC3","NR2E3"
"937",8841,8204,"HDAC3","NRIP1"
"938",8841,5467,"HDAC3","PPARD"
"939",8841,5468,"HDAC3","PPARG"
"940",8841,5914,"HDAC3","RARA"
"941",8841,5970,"HDAC3","RELA"
"942",8841,7068,"HDAC3","THRB"
"943",9759,9612,"HDAC4","NCOR2"
"944",3091,3725,"HIF1A","JUN"
"945",3091,8648,"HIF1A","NCOA1"
"946",3091,10499,"HIF1A","NCOA2"
"947",3091,3164,"HIF1A","NR4A1"
"948",3091,6667,"HIF1A","SP1"
"949",3725,8648,"JUN","NCOA1"
"950",3725,10499,"JUN","NCOA2"
"951",3725,8202,"JUN","NCOA3"
"952",3725,6604,"JUN","SMARCD3"
"953",8850,8648,"KAT2B","NCOA1"
"954",8850,8202,"KAT2B","NCOA3"
"955",400569,51586,"MED11","MED15"
"956",400569,54797,"MED11","MED18"
"957",400569,219541,"MED11","MED19"
"958",400569,9412,"MED11","MED21"
"959",400569,9439,"MED11","MED23"
"960",400569,9862,"MED11","MED24"
"961",400569,81857,"MED11","MED25"
"962",400569,51003,"MED11","MED31"
"963",400569,10001,"MED11","MED6"
"964",400569,9443,"MED11","MED7"
"965",51586,54797,"MED15","MED18"
"966",51586,219541,"MED15","MED19"
"967",51586,9412,"MED15","MED21"
"968",51586,9439,"MED15","MED23"
"969",51586,9862,"MED15","MED24"
"970",51586,81857,"MED15","MED25"
"971",51586,51003,"MED15","MED31"
"972",51586,10001,"MED15","MED6"
"973",51586,9443,"MED15","MED7"
"974",51586,4087,"MED15","SMAD2"
"975",51586,4088,"MED15","SMAD3"
"976",54797,219541,"MED18","MED19"
"977",54797,9412,"MED18","MED21"
"978",54797,9439,"MED18","MED23"
"979",54797,9862,"MED18","MED24"
"980",54797,81857,"MED18","MED25"
"981",54797,51003,"MED18","MED31"
"982",54797,10001,"MED18","MED6"
"983",54797,9443,"MED18","MED7"
"984",219541,9412,"MED19","MED21"
"985",219541,9439,"MED19","MED23"
"986",219541,9862,"MED19","MED24"
"987",219541,81857,"MED19","MED25"
"988",219541,51003,"MED19","MED31"
"989",219541,10001,"MED19","MED6"
"990",219541,9443,"MED19","MED7"
"991",219541,4792,"MED19","NFKBIA"
"992",5469,400569,"MED1","MED11"
"993",5469,51586,"MED1","MED15"
"994",5469,54797,"MED1","MED18"
"995",5469,219541,"MED1","MED19"
"996",5469,9412,"MED1","MED21"
"997",5469,9439,"MED1","MED23"
"998",5469,9862,"MED1","MED24"
"999",5469,81857,"MED1","MED25"
"1000",5469,51003,"MED1","MED31"
"1001",5469,10001,"MED1","MED6"
"1002",5469,9443,"MED1","MED7"
"1003",5469,8648,"MED1","NCOA1"
"1004",5469,23054,"MED1","NCOA6"
"1005",5469,7376,"MED1","NR1H2"
"1006",5469,9970,"MED1","NR1I3"
"1007",5469,3164,"MED1","NR4A1"
"1008",5469,5465,"MED1","PPARA"
"1009",5469,10891,"MED1","PPARGC1A"
"1010",5469,5468,"MED1","PPARG"
"1011",5469,5914,"MED1","RARA"
"1012",5469,6095,"MED1","RORA"
"1013",5469,6256,"MED1","RXRA"
"1014",5469,96764,"MED1","TGS1"
"1015",5469,7067,"MED1","THRA"
"1016",5469,7068,"MED1","THRB"
"1017",5469,7421,"MED1","VDR"
"1018",5469,7485,"MED1","WRB"
"1019",9412,9439,"MED21","MED23"
"1020",9412,9862,"MED21","MED24"
"1021",9412,81857,"MED21","MED25"
"1022",9412,51003,"MED21","MED31"
"1023",9412,10001,"MED21","MED6"
"1024",9412,9443,"MED21","MED7"
"1025",9412,7067,"MED21","THRA"
"1026",9412,7068,"MED21","THRB"
"1027",9439,9862,"MED23","MED24"
"1028",9439,81857,"MED23","MED25"
"1029",9439,51003,"MED23","MED31"
"1030",9439,10001,"MED23","MED6"
"1031",9439,9443,"MED23","MED7"
"1032",9439,23054,"MED23","NCOA6"
"1033",9862,81857,"MED24","MED25"
"1034",9862,51003,"MED24","MED31"
"1035",9862,10001,"MED24","MED6"
"1036",9862,9443,"MED24","MED7"
"1037",9862,8648,"MED24","NCOA1"
"1038",9862,23054,"MED24","NCOA6"
"1039",9862,5465,"MED24","PPARA"
"1040",9862,10891,"MED24","PPARGC1A"
"1041",9862,5468,"MED24","PPARG"
"1042",9862,6256,"MED24","RXRA"
"1043",9862,96764,"MED24","TGS1"
"1044",9862,7485,"MED24","WRB"
"1045",81857,51003,"MED25","MED31"
"1046",81857,10001,"MED25","MED6"
"1047",81857,9443,"MED25","MED7"
"1048",81857,5914,"MED25","RARA"
"1049",81857,6256,"MED25","RXRA"
"1050",51003,10001,"MED31","MED6"
"1051",51003,9443,"MED31","MED7"
"1052",10001,9443,"MED6","MED7"
"1053",10001,5914,"MED6","RARA"
"1054",10001,4087,"MED6","SMAD2"
"1055",10001,7067,"MED6","THRA"
"1056",4605,9611,"MYBL2","NCOR1"
"1057",4605,9612,"MYBL2","NCOR2"
"1058",4654,9612,"MYOD1","NCOR2"
"1059",4654,6095,"MYOD1","RORA"
"1060",4654,6256,"MYOD1","RXRA"
"1061",8648,23054,"NCOA1","NCOA6"
"1062",8648,9971,"NCOA1","NR1H4"
"1063",8648,8856,"NCOA1","NR1I2"
"1064",8648,9970,"NCOA1","NR1I3"
"1065",8648,2908,"NCOA1","NR3C1"
"1066",8648,3164,"NCOA1","NR4A1"
"1067",8648,5241,"NCOA1","PGR"
"1068",8648,5465,"NCOA1","PPARA"
"1069",8648,10891,"NCOA1","PPARGC1A"
"1070",8648,5468,"NCOA1","PPARG"
"1071",8648,3275,"NCOA1","PRMT2"
"1072",8648,5914,"NCOA1","RARA"
"1073",8648,5916,"NCOA1","RARG"
"1074",8648,6256,"NCOA1","RXRA"
"1075",8648,6722,"NCOA1","SRF"
"1076",8648,6908,"NCOA1","TBP"
"1077",8648,96764,"NCOA1","TGS1"
"1078",8648,7067,"NCOA1","THRA"
"1079",8648,7068,"NCOA1","THRB"
"1080",8648,9325,"NCOA1","TRIP4"
"1081",8648,7421,"NCOA1","VDR"
"1082",8648,7485,"NCOA1","WRB"
"1083",10499,2908,"NCOA2","NR3C1"
"1084",10499,3164,"NCOA2","NR4A1"
"1085",10499,5468,"NCOA2","PPARG"
"1086",10499,6095,"NCOA2","RORA"
"1087",10499,6256,"NCOA2","RXRA"
"1088",10499,10847,"NCOA2","SRCAP"
"1089",10499,7068,"NCOA2","THRB"
"1090",10499,7421,"NCOA2","VDR"
"1091",8202,9612,"NCOA3","NCOR2"
"1092",8202,7376,"NCOA3","NR1H2"
"1093",8202,10062,"NCOA3","NR1H3"
"1094",8202,8856,"NCOA3","NR1I2"
"1095",8202,3164,"NCOA3","NR4A1"
"1096",8202,5241,"NCOA3","PGR"
"1097",8202,5468,"NCOA3","PPARG"
"1098",8202,5914,"NCOA3","RARA"
"1099",8202,5916,"NCOA3","RARG"
"1100",8202,5970,"NCOA3","RELA"
"1101",8202,6256,"NCOA3","RXRA"
"1102",8202,6908,"NCOA3","TBP"
"1103",8202,7068,"NCOA3","THRB"
"1104",23054,9612,"NCOA6","NCOR2"
"1105",23054,7376,"NCOA6","NR1H2"
"1106",23054,10062,"NCOA6","NR1H3"
"1107",23054,2908,"NCOA6","NR3C1"
"1108",23054,5465,"NCOA6","PPARA"
"1109",23054,10891,"NCOA6","PPARGC1A"
"1110",23054,5468,"NCOA6","PPARG"
"1111",23054,3275,"NCOA6","PRMT2"
"1112",23054,5914,"NCOA6","RARA"
"1113",23054,6256,"NCOA6","RXRA"
"1114",23054,6258,"NCOA6","RXRG"
"1115",23054,4087,"NCOA6","SMAD2"
"1116",23054,4088,"NCOA6","SMAD3"
"1117",23054,96764,"NCOA6","TGS1"
"1118",23054,7067,"NCOA6","THRA"
"1119",23054,7068,"NCOA6","THRB"
"1120",23054,7421,"NCOA6","VDR"
"1121",23054,7485,"NCOA6","WRB"
"1122",9611,9612,"NCOR1","NCOR2"
"1123",9611,7376,"NCOR1","NR1H2"
"1124",9611,10062,"NCOR1","NR1H3"
"1125",9611,10002,"NCOR1","NR2E3"
"1126",9611,2908,"NCOR1","NR3C1"
"1127",9611,5465,"NCOR1","PPARA"
"1128",9611,5467,"NCOR1","PPARD"
"1129",9611,5468,"NCOR1","PPARG"
"1130",9611,5914,"NCOR1","RARA"
"1131",9611,6667,"NCOR1","SP1"
"1132",9611,7067,"NCOR1","THRA"
"1133",9611,7068,"NCOR1","THRB"
"1134",9612,4792,"NCOR2","NFKBIA"
"1135",9612,7376,"NCOR2","NR1H2"
"1136",9612,9971,"NCOR2","NR1H4"
"1137",9612,8856,"NCOR2","NR1I2"
"1138",9612,2908,"NCOR2","NR3C1"
"1139",9612,3164,"NCOR2","NR4A1"
"1140",9612,5465,"NCOR2","PPARA"
"1141",9612,5467,"NCOR2","PPARD"
"1142",9612,5468,"NCOR2","PPARG"
"1143",9612,5914,"NCOR2","RARA"
"1144",9612,5916,"NCOR2","RARG"
"1145",9612,5970,"NCOR2","RELA"
"1146",9612,6256,"NCOR2","RXRA"
"1147",9612,6258,"NCOR2","RXRG"
"1148",9612,6667,"NCOR2","SP1"
"1149",9612,6722,"NCOR2","SRF"
"1150",9612,7067,"NCOR2","THRA"
"1151",9612,7068,"NCOR2","THRB"
"1152",190,5468,"NR0B1","PPARG"
"1153",190,6095,"NR0B1","RORA"
"1154",190,6720,"NR0B1","SREBF1"
"1155",8431,5468,"NR0B2","PPARG"
"1156",8431,6256,"NR0B2","RXRA"
"1157",7376,6256,"NR1H2","RXRA"
"1158",10062,5465,"NR1H3","PPARA"
"1159",10062,6256,"NR1H3","RXRA"
"1160",9971,10891,"NR1H4","PPARGC1A"
"1161",9971,6256,"NR1H4","RXRA"
"1162",9971,6604,"NR1H4","SMARCD3"
"1163",8856,10891,"NR1I2","PPARGC1A"
"1164",8856,6256,"NR1I2","RXRA"
"1165",9970,10891,"NR1I3","PPARGC1A"
"1166",9970,6256,"NR1I3","RXRA"
"1167",10002,5914,"NR2E3","RARA"
"1168",2908,10891,"NR3C1","PPARGC1A"
"1169",2494,6604,"NR5A2","SMARCD3"
"1170",8204,5465,"NRIP1","PPARA"
"1171",8204,5468,"NRIP1","PPARG"
"1172",8204,6256,"NRIP1","RXRA"
"1173",5435,5439,"POLR2F","POLR2J"
"1174",5435,5440,"POLR2F","POLR2K"
"1175",5435,5441,"POLR2F","POLR2L"
"1176",5439,5440,"POLR2J","POLR2K"
"1177",5439,5441,"POLR2J","POLR2L"
"1178",5440,5441,"POLR2K","POLR2L"
"1179",5441,5970,"POLR2L","RELA"
"1180",5465,10891,"PPARA","PPARGC1A"
"1181",5465,5970,"PPARA","RELA"
"1182",5465,6256,"PPARA","RXRA"
"1183",5465,6258,"PPARA","RXRG"
"1184",5465,96764,"PPARA","TGS1"
"1185",5465,7485,"PPARA","WRB"
"1186",5467,6256,"PPARD","RXRA"
"1187",10891,6256,"PPARGC1A","RXRA"
"1188",10891,96764,"PPARGC1A","TGS1"
"1189",10891,7068,"PPARGC1A","THRB"
"1190",10891,7485,"PPARGC1A","WRB"
"1191",5468,10891,"PPARG","PPARGC1A"
"1192",5468,6256,"PPARG","RXRA"
"1193",5468,6258,"PPARG","RXRG"
"1194",5468,6604,"PPARG","SMARCD3"
"1195",3275,6256,"PRMT2","RXRA"
"1196",5629,6095,"PROX1","RORA"
"1197",5914,6256,"RARA","RXRA"
"1198",5916,6256,"RARG","RXRA"
"1199",5970,6256,"RELA","RXRA"
"1200",6095,6604,"RORA","SMARCD3"
"1201",6256,4087,"RXRA","SMAD2"
"1202",6256,6604,"RXRA","SMARCD3"
"1203",6256,6667,"RXRA","SP1"
"1204",6256,6722,"RXRA","SRF"
"1205",6256,6908,"RXRA","TBP"
"1206",6256,7067,"RXRA","THRA"
"1207",6256,7068,"RXRA","THRB"
"1208",6256,9325,"RXRA","TRIP4"
"1209",6256,7421,"RXRA","VDR"
"1210",4088,6721,"SMAD3","SREBF2"
"1211",6604,6720,"SMARCD3","SREBF1"
"1212",6667,6720,"SP1","SREBF1"
"1213",6667,6721,"SP1","SREBF2"
"1214",96764,7485,"TGS1","WRB"
"1215",367,1387,"AR","CREBBP"
"1216",367,3091,"AR","HIF1A"
"1217",367,8648,"AR","NCOA1"
"1218",367,10499,"AR","NCOA2"
"1219",367,8202,"AR","NCOA3"
"1220",367,23054,"AR","NCOA6"
"1221",367,9611,"AR","NCOR1"
"1222",6310,2101,"ATXN1","ESRRA"
"1223",6310,8841,"ATXN1","HDAC3"
"1224",6310,51586,"ATXN1","MED15"
"1225",6310,9611,"ATXN1","NCOR1"
"1226",6310,9612,"ATXN1","NCOR2"
"1227",6310,6720,"ATXN1","SREBF1"
"1228",6310,6721,"ATXN1","SREBF2"
"1229",604,9439,"BCL6","MED23"
"1230",604,9612,"BCL6","NCOR2"
"1231",604,10891,"BCL6","PPARGC1A"
"1232",672,2101,"BRCA1","ESRRA"
"1233",9134,1387,"CCNE2","CREBBP"
"1234",9134,2033,"CCNE2","EP300"
"1235",905,1024,"CCNT2","CDK8"
"1236",905,84246,"CCNT2","MED10"
"1237",905,400569,"CCNT2","MED11"
"1238",905,51586,"CCNT2","MED15"
"1239",905,54797,"CCNT2","MED18"
"1240",905,219541,"CCNT2","MED19"
"1241",905,5469,"CCNT2","MED1"
"1242",905,9412,"CCNT2","MED21"
"1243",905,9439,"CCNT2","MED23"
"1244",905,81857,"CCNT2","MED25"
"1245",905,51003,"CCNT2","MED31"
"1246",905,10001,"CCNT2","MED6"
"1247",905,9443,"CCNT2","MED7"
"1248",905,5435,"CCNT2","POLR2F"
"1249",905,5439,"CCNT2","POLR2J"
"1250",905,5440,"CCNT2","POLR2K"
"1251",905,5441,"CCNT2","POLR2L"
"1252",1024,80205,"CDK8","CHD9"
"1253",1024,1387,"CDK8","CREBBP"
"1254",1024,85403,"CDK8","EAF1"
"1255",1024,55840,"CDK8","EAF2"
"1256",1024,2033,"CDK8","EP300"
"1257",1024,3091,"CDK8","HIF1A"
"1258",1024,55683,"CDK8","KANSL3"
"1259",1024,2648,"CDK8","KAT2A"
"1260",1024,84246,"CDK8","MED10"
"1261",1024,400569,"CDK8","MED11"
"1262",1024,51586,"CDK8","MED15"
"1263",1024,54797,"CDK8","MED18"
"1264",1024,219541,"CDK8","MED19"
"1265",1024,5469,"CDK8","MED1"
"1266",1024,9412,"CDK8","MED21"
"1267",1024,9439,"CDK8","MED23"
"1268",1024,9862,"CDK8","MED24"
"1269",1024,81857,"CDK8","MED25"
"1270",1024,51003,"CDK8","MED31"
"1271",1024,10001,"CDK8","MED6"
"1272",1024,9443,"CDK8","MED7"
"1273",1024,5435,"CDK8","POLR2F"
"1274",1024,5439,"CDK8","POLR2J"
"1275",1024,5440,"CDK8","POLR2K"
"1276",1024,5441,"CDK8","POLR2L"
"1277",1024,9400,"CDK8","RECQL5"
"1278",1024,6720,"CDK8","SREBF1"
"1279",1024,6721,"CDK8","SREBF2"
"1280",1024,6877,"CDK8","TAF5"
"1281",1024,6878,"CDK8","TAF6"
"1282",1024,6879,"CDK8","TAF7"
"1283",1024,6908,"CDK8","TBP"
"1284",1024,221504,"CDK8","ZBTB9"
"1285",1029,1387,"CDKN2A","CREBBP"
"1286",1029,2033,"CDKN2A","EP300"
"1287",80205,84246,"CHD9","MED10"
"1288",80205,400569,"CHD9","MED11"
"1289",80205,51586,"CHD9","MED15"
"1290",80205,54797,"CHD9","MED18"
"1291",80205,219541,"CHD9","MED19"
"1292",80205,5469,"CHD9","MED1"
"1293",80205,9412,"CHD9","MED21"
"1294",80205,9439,"CHD9","MED23"
"1295",80205,9862,"CHD9","MED24"
"1296",80205,81857,"CHD9","MED25"
"1297",80205,51003,"CHD9","MED31"
"1298",80205,10001,"CHD9","MED6"
"1299",80205,9443,"CHD9","MED7"
"1300",80205,5435,"CHD9","POLR2F"
"1301",80205,5439,"CHD9","POLR2J"
"1302",80205,5441,"CHD9","POLR2L"
"1303",80205,5465,"CHD9","PPARA"
"1304",1387,2033,"CREBBP","EP300"
"1305",1387,3091,"CREBBP","HIF1A"
"1306",1387,8850,"CREBBP","KAT2B"
"1307",1387,51586,"CREBBP","MED15"
"1308",1387,5469,"CREBBP","MED1"
"1309",1387,10001,"CREBBP","MED6"
"1310",1387,8648,"CREBBP","NCOA1"
"1311",1387,10499,"CREBBP","NCOA2"
"1312",1387,8202,"CREBBP","NCOA3"
"1313",1387,23054,"CREBBP","NCOA6"
"1314",1387,5970,"CREBBP","RELA"
"1315",1387,4087,"CREBBP","SMAD2"
"1316",1387,6720,"CREBBP","SREBF1"
"1317",1387,6721,"CREBBP","SREBF2"
"1318",85403,84246,"EAF1","MED10"
"1319",85403,400569,"EAF1","MED11"
"1320",85403,51586,"EAF1","MED15"
"1321",85403,54797,"EAF1","MED18"
"1322",85403,219541,"EAF1","MED19"
"1323",85403,5469,"EAF1","MED1"
"1324",85403,9412,"EAF1","MED21"
"1325",85403,9439,"EAF1","MED23"
"1326",85403,81857,"EAF1","MED25"
"1327",85403,51003,"EAF1","MED31"
"1328",85403,10001,"EAF1","MED6"
"1329",85403,9443,"EAF1","MED7"
"1330",85403,5435,"EAF1","POLR2F"
"1331",85403,5439,"EAF1","POLR2J"
"1332",85403,5440,"EAF1","POLR2K"
"1333",85403,5441,"EAF1","POLR2L"
"1334",55840,84246,"EAF2","MED10"
"1335",55840,400569,"EAF2","MED11"
"1336",55840,51586,"EAF2","MED15"
"1337",55840,54797,"EAF2","MED18"
"1338",55840,219541,"EAF2","MED19"
"1339",55840,5469,"EAF2","MED1"
"1340",55840,9412,"EAF2","MED21"
"1341",55840,9439,"EAF2","MED23"
"1342",55840,81857,"EAF2","MED25"
"1343",55840,51003,"EAF2","MED31"
"1344",55840,10001,"EAF2","MED6"
"1345",55840,9443,"EAF2","MED7"
"1346",55840,5435,"EAF2","POLR2F"
"1347",55840,5439,"EAF2","POLR2J"
"1348",55840,5440,"EAF2","POLR2K"
"1349",55840,5441,"EAF2","POLR2L"
"1350",2033,2034,"EP300","EPAS1"
"1351",2033,2056,"EP300","EPO"
"1352",2033,2099,"EP300","ESR1"
"1353",2033,9759,"EP300","HDAC4"
"1354",2033,3091,"EP300","HIF1A"
"1355",2033,8850,"EP300","KAT2B"
"1356",2033,51586,"EP300","MED15"
"1357",2033,9439,"EP300","MED23"
"1358",2033,8202,"EP300","NCOA3"
"1359",2033,9970,"EP300","NR1I3"
"1360",2033,3164,"EP300","NR4A1"
"1361",2033,5468,"EP300","PPARG"
"1362",2033,5970,"EP300","RELA"
"1363",2033,4087,"EP300","SMAD2"
"1364",2033,7421,"EP300","VDR"
"1365",2099,3091,"ESR1","HIF1A"
"1366",2099,5469,"ESR1","MED1"
"1367",2099,9439,"ESR1","MED23"
"1368",2099,9862,"ESR1","MED24"
"1369",2099,8648,"ESR1","NCOA1"
"1370",2099,10499,"ESR1","NCOA2"
"1371",2099,8202,"ESR1","NCOA3"
"1372",2099,23054,"ESR1","NCOA6"
"1373",2099,9611,"ESR1","NCOR1"
"1374",2100,5469,"ESR2","MED1"
"1375",2100,9439,"ESR2","MED23"
"1376",2100,9862,"ESR2","MED24"
"1377",2100,10499,"ESR2","NCOA2"
"1378",2100,8202,"ESR2","NCOA3"
"1379",2100,9611,"ESR2","NCOR1"
"1380",2101,2648,"ESRRA","KAT2A"
"1381",2101,6667,"ESRRA","SP1"
"1382",2353,9612,"FOS","NCOR2"
"1383",2353,5468,"FOS","PPARG"
"1384",11211,9611,"FZD10","NCOR1"
"1385",11211,9612,"FZD10","NCOR2"
"1386",23426,8648,"GRIP1","NCOA1"
"1387",23426,8202,"GRIP1","NCOA3"
"1388",8841,9759,"HDAC3","HDAC4"
"1389",8841,9794,"HDAC3","MAML1"
"1390",8841,4605,"HDAC3","MYBL2"
"1391",8841,9611,"HDAC3","NCOR1"
"1392",8841,9612,"HDAC3","NCOR2"
"1393",8841,10002,"HDAC3","NR2E3"
"1394",8841,8204,"HDAC3","NRIP1"
"1395",8841,5629,"HDAC3","PROX1"
"1396",8841,5970,"HDAC3","RELA"
"1397",9759,3091,"HDAC4","HIF1A"
"1398",9759,9439,"HDAC4","MED23"
"1399",9759,9611,"HDAC4","NCOR1"
"1400",9759,9612,"HDAC4","NCOR2"
"1401",9759,10891,"HDAC4","PPARGC1A"
"1402",3091,8850,"HIF1A","KAT2B"
"1403",3091,51586,"HIF1A","MED15"
"1404",3091,9439,"HIF1A","MED23"
"1405",3091,6667,"HIF1A","SP1"
"1406",3553,9611,"IL1B","NCOR1"
"1407",3553,9612,"IL1B","NCOR2"
"1408",3725,9611,"JUN","NCOR1"
"1409",3725,9612,"JUN","NCOR2"
"1410",55683,84246,"KANSL3","MED10"
"1411",55683,400569,"KANSL3","MED11"
"1412",55683,51586,"KANSL3","MED15"
"1413",55683,54797,"KANSL3","MED18"
"1414",55683,219541,"KANSL3","MED19"
"1415",55683,5469,"KANSL3","MED1"
"1416",55683,9412,"KANSL3","MED21"
"1417",55683,9439,"KANSL3","MED23"
"1418",55683,9862,"KANSL3","MED24"
"1419",55683,81857,"KANSL3","MED25"
"1420",55683,51003,"KANSL3","MED31"
"1421",55683,10001,"KANSL3","MED6"
"1422",55683,9443,"KANSL3","MED7"
"1423",55683,5435,"KANSL3","POLR2F"
"1424",55683,5439,"KANSL3","POLR2J"
"1425",55683,5440,"KANSL3","POLR2K"
"1426",55683,5441,"KANSL3","POLR2L"
"1427",2648,51586,"KAT2A","MED15"
"1428",2648,5469,"KAT2A","MED1"
"1429",2648,9439,"KAT2A","MED23"
"1430",2648,9862,"KAT2A","MED24"
"1431",8850,6720,"KAT2B","SREBF1"
"1432",7403,23054,"KDM6A","NCOA6"
"1433",84246,400569,"MED10","MED11"
"1434",84246,51586,"MED10","MED15"
"1435",84246,54797,"MED10","MED18"
"1436",84246,219541,"MED10","MED19"
"1437",84246,9412,"MED10","MED21"
"1438",84246,9439,"MED10","MED23"
"1439",84246,9862,"MED10","MED24"
"1440",84246,81857,"MED10","MED25"
"1441",84246,51003,"MED10","MED31"
"1442",84246,10001,"MED10","MED6"
"1443",84246,9443,"MED10","MED7"
"1444",84246,5435,"MED10","POLR2F"
"1445",84246,5439,"MED10","POLR2J"
"1446",84246,5440,"MED10","POLR2K"
"1447",84246,5441,"MED10","POLR2L"
"1448",84246,9400,"MED10","RECQL5"
"1449",84246,6877,"MED10","TAF5"
"1450",84246,6878,"MED10","TAF6"
"1451",84246,6879,"MED10","TAF7"
"1452",84246,6908,"MED10","TBP"
"1453",84246,221504,"MED10","ZBTB9"
"1454",400569,51586,"MED11","MED15"
"1455",400569,54797,"MED11","MED18"
"1456",400569,219541,"MED11","MED19"
"1457",400569,9412,"MED11","MED21"
"1458",400569,9439,"MED11","MED23"
"1459",400569,9862,"MED11","MED24"
"1460",400569,81857,"MED11","MED25"
"1461",400569,51003,"MED11","MED31"
"1462",400569,10001,"MED11","MED6"
"1463",400569,9443,"MED11","MED7"
"1464",400569,5435,"MED11","POLR2F"
"1465",400569,5439,"MED11","POLR2J"
"1466",400569,5440,"MED11","POLR2K"
"1467",400569,5441,"MED11","POLR2L"
"1468",400569,9400,"MED11","RECQL5"
"1469",400569,6877,"MED11","TAF5"
"1470",400569,6878,"MED11","TAF6"
"1471",400569,6879,"MED11","TAF7"
"1472",400569,221504,"MED11","ZBTB9"
"1473",51586,54797,"MED15","MED18"
"1474",51586,219541,"MED15","MED19"
"1475",51586,9412,"MED15","MED21"
"1476",51586,9439,"MED15","MED23"
"1477",51586,9862,"MED15","MED24"
"1478",51586,81857,"MED15","MED25"
"1479",51586,51003,"MED15","MED31"
"1480",51586,10001,"MED15","MED6"
"1481",51586,9443,"MED15","MED7"
"1482",51586,5435,"MED15","POLR2F"
"1483",51586,5439,"MED15","POLR2J"
"1484",51586,5440,"MED15","POLR2K"
"1485",51586,5441,"MED15","POLR2L"
"1486",51586,9400,"MED15","RECQL5"
"1487",51586,4087,"MED15","SMAD2"
"1488",51586,4088,"MED15","SMAD3"
"1489",51586,6720,"MED15","SREBF1"
"1490",51586,6721,"MED15","SREBF2"
"1491",51586,6877,"MED15","TAF5"
"1492",51586,6878,"MED15","TAF6"
"1493",51586,6879,"MED15","TAF7"
"1494",51586,221504,"MED15","ZBTB9"
"1495",54797,219541,"MED18","MED19"
"1496",54797,9412,"MED18","MED21"
"1497",54797,9439,"MED18","MED23"
"1498",54797,9862,"MED18","MED24"
"1499",54797,81857,"MED18","MED25"
"1500",54797,51003,"MED18","MED31"
"1501",54797,10001,"MED18","MED6"
"1502",54797,9443,"MED18","MED7"
"1503",54797,5435,"MED18","POLR2F"
"1504",54797,5439,"MED18","POLR2J"
"1505",54797,5440,"MED18","POLR2K"
"1506",54797,5441,"MED18","POLR2L"
"1507",54797,9400,"MED18","RECQL5"
"1508",54797,6877,"MED18","TAF5"
"1509",54797,6878,"MED18","TAF6"
"1510",54797,6879,"MED18","TAF7"
"1511",54797,221504,"MED18","ZBTB9"
"1512",219541,9412,"MED19","MED21"
"1513",219541,9439,"MED19","MED23"
"1514",219541,9862,"MED19","MED24"
"1515",219541,81857,"MED19","MED25"
"1516",219541,51003,"MED19","MED31"
"1517",219541,10001,"MED19","MED6"
"1518",219541,9443,"MED19","MED7"
"1519",219541,4792,"MED19","NFKBIA"
"1520",219541,5435,"MED19","POLR2F"
"1521",219541,5439,"MED19","POLR2J"
"1522",219541,5440,"MED19","POLR2K"
"1523",219541,5441,"MED19","POLR2L"
"1524",219541,9400,"MED19","RECQL5"
"1525",219541,6877,"MED19","TAF5"
"1526",219541,6878,"MED19","TAF6"
"1527",219541,6879,"MED19","TAF7"
"1528",219541,221504,"MED19","ZBTB9"
"1529",5469,84246,"MED1","MED10"
"1530",5469,400569,"MED1","MED11"
"1531",5469,51586,"MED1","MED15"
"1532",5469,54797,"MED1","MED18"
"1533",5469,219541,"MED1","MED19"
"1534",5469,9412,"MED1","MED21"
"1535",5469,9439,"MED1","MED23"
"1536",5469,9862,"MED1","MED24"
"1537",5469,81857,"MED1","MED25"
"1538",5469,51003,"MED1","MED31"
"1539",5469,10001,"MED1","MED6"
"1540",5469,9443,"MED1","MED7"
"1541",5469,8202,"MED1","NCOA3"
"1542",5469,8204,"MED1","NRIP1"
"1543",5469,5435,"MED1","POLR2F"
"1544",5469,5439,"MED1","POLR2J"
"1545",5469,5440,"MED1","POLR2K"
"1546",5469,5441,"MED1","POLR2L"
"1547",5469,5465,"MED1","PPARA"
"1548",5469,5468,"MED1","PPARG"
"1549",5469,5914,"MED1","RARA"
"1550",5469,9400,"MED1","RECQL5"
"1551",5469,6256,"MED1","RXRA"
"1552",5469,6720,"MED1","SREBF1"
"1553",5469,6721,"MED1","SREBF2"
"1554",5469,6877,"MED1","TAF5"
"1555",5469,6878,"MED1","TAF6"
"1556",5469,6879,"MED1","TAF7"
"1557",5469,6908,"MED1","TBP"
"1558",5469,7067,"MED1","THRA"
"1559",5469,7421,"MED1","VDR"
"1560",5469,221504,"MED1","ZBTB9"
"1561",9412,9439,"MED21","MED23"
"1562",9412,9862,"MED21","MED24"
"1563",9412,81857,"MED21","MED25"
"1564",9412,51003,"MED21","MED31"
"1565",9412,10001,"MED21","MED6"
"1566",9412,9443,"MED21","MED7"
"1567",9412,5435,"MED21","POLR2F"
"1568",9412,5439,"MED21","POLR2J"
"1569",9412,5440,"MED21","POLR2K"
"1570",9412,5441,"MED21","POLR2L"
"1571",9412,9400,"MED21","RECQL5"
"1572",9412,6877,"MED21","TAF5"
"1573",9412,6878,"MED21","TAF6"
"1574",9412,6879,"MED21","TAF7"
"1575",9412,6908,"MED21","TBP"
"1576",9412,221504,"MED21","ZBTB9"
"1577",9439,9862,"MED23","MED24"
"1578",9439,81857,"MED23","MED25"
"1579",9439,51003,"MED23","MED31"
"1580",9439,10001,"MED23","MED6"
"1581",9439,9443,"MED23","MED7"
"1582",9439,8202,"MED23","NCOA3"
"1583",9439,9612,"MED23","NCOR2"
"1584",9439,8204,"MED23","NRIP1"
"1585",9439,5435,"MED23","POLR2F"
"1586",9439,5439,"MED23","POLR2J"
"1587",9439,5440,"MED23","POLR2K"
"1588",9439,5441,"MED23","POLR2L"
"1589",9439,10891,"MED23","PPARGC1A"
"1590",9439,9400,"MED23","RECQL5"
"1591",9439,6877,"MED23","TAF5"
"1592",9439,6878,"MED23","TAF6"
"1593",9439,6879,"MED23","TAF7"
"1594",9439,6908,"MED23","TBP"
"1595",9439,221504,"MED23","ZBTB9"
"1596",9862,81857,"MED24","MED25"
"1597",9862,51003,"MED24","MED31"
"1598",9862,10001,"MED24","MED6"
"1599",9862,9443,"MED24","MED7"
"1600",9862,8202,"MED24","NCOA3"
"1601",9862,8204,"MED24","NRIP1"
"1602",9862,5435,"MED24","POLR2F"
"1603",9862,5439,"MED24","POLR2J"
"1604",9862,5440,"MED24","POLR2K"
"1605",9862,5441,"MED24","POLR2L"
"1606",9862,9400,"MED24","RECQL5"
"1607",9862,4087,"MED24","SMAD2"
"1608",9862,221504,"MED24","ZBTB9"
"1609",81857,51003,"MED25","MED31"
"1610",81857,10001,"MED25","MED6"
"1611",81857,9443,"MED25","MED7"
"1612",81857,2908,"MED25","NR3C1"
"1613",81857,5435,"MED25","POLR2F"
"1614",81857,5439,"MED25","POLR2J"
"1615",81857,5440,"MED25","POLR2K"
"1616",81857,5441,"MED25","POLR2L"
"1617",81857,5914,"MED25","RARA"
"1618",81857,9400,"MED25","RECQL5"
"1619",81857,6256,"MED25","RXRA"
"1620",81857,6877,"MED25","TAF5"
"1621",81857,6878,"MED25","TAF6"
"1622",81857,6879,"MED25","TAF7"
"1623",81857,6908,"MED25","TBP"
"1624",81857,7068,"MED25","THRB"
"1625",81857,221504,"MED25","ZBTB9"
"1626",51003,10001,"MED31","MED6"
"1627",51003,9443,"MED31","MED7"
"1628",51003,3164,"MED31","NR4A1"
"1629",51003,5435,"MED31","POLR2F"
"1630",51003,5439,"MED31","POLR2J"
"1631",51003,5440,"MED31","POLR2K"
"1632",51003,5441,"MED31","POLR2L"
"1633",51003,9400,"MED31","RECQL5"
"1634",51003,6877,"MED31","TAF5"
"1635",51003,6878,"MED31","TAF6"
"1636",51003,6879,"MED31","TAF7"
"1637",51003,221504,"MED31","ZBTB9"
"1638",10001,9443,"MED6","MED7"
"1639",10001,5435,"MED6","POLR2F"
"1640",10001,5439,"MED6","POLR2J"
"1641",10001,5440,"MED6","POLR2K"
"1642",10001,5441,"MED6","POLR2L"
"1643",10001,9400,"MED6","RECQL5"
"1644",10001,4087,"MED6","SMAD2"
"1645",10001,6720,"MED6","SREBF1"
"1646",10001,6721,"MED6","SREBF2"
"1647",10001,6877,"MED6","TAF5"
"1648",10001,6878,"MED6","TAF6"
"1649",10001,6879,"MED6","TAF7"
"1650",10001,221504,"MED6","ZBTB9"
"1651",9443,5435,"MED7","POLR2F"
"1652",9443,5439,"MED7","POLR2J"
"1653",9443,5440,"MED7","POLR2K"
"1654",9443,5441,"MED7","POLR2L"
"1655",9443,9400,"MED7","RECQL5"
"1656",9443,6877,"MED7","TAF5"
"1657",9443,6878,"MED7","TAF6"
"1658",9443,6879,"MED7","TAF7"
"1659",9443,221504,"MED7","ZBTB9"
"1660",4605,9611,"MYBL2","NCOR1"
"1661",8648,10499,"NCOA1","NCOA2"
"1662",8648,8202,"NCOA1","NCOA3"
"1663",8648,23054,"NCOA1","NCOA6"
"1664",8648,10062,"NCOA1","NR1H3"
"1665",8648,2908,"NCOA1","NR3C1"
"1666",8648,5914,"NCOA1","RARA"
"1667",8648,6256,"NCOA1","RXRA"
"1668",10499,8202,"NCOA2","NCOA3"
"1669",8202,9611,"NCOA3","NCOR1"
"1670",8202,8204,"NCOA3","NRIP1"
"1671",8202,5914,"NCOA3","RARA"
"1672",8202,5970,"NCOA3","RELA"
"1673",8202,7068,"NCOA3","THRB"
"1674",23054,3275,"NCOA6","PRMT2"
"1675",23054,6256,"NCOA6","RXRA"
"1676",23054,4087,"NCOA6","SMAD2"
"1677",23054,4088,"NCOA6","SMAD3"
"1678",23054,7067,"NCOA6","THRA"
"1679",23054,7068,"NCOA6","THRB"
"1680",23054,7421,"NCOA6","VDR"
"1681",9611,9612,"NCOR1","NCOR2"
"1682",9611,10002,"NCOR1","NR2E3"
"1683",9611,8204,"NCOR1","NRIP1"
"1684",9611,5465,"NCOR1","PPARA"
"1685",9611,5468,"NCOR1","PPARG"
"1686",9611,5914,"NCOR1","RARA"
"1687",9611,10847,"NCOR1","SRCAP"
"1688",9611,7068,"NCOR1","THRB"
"1689",9612,5241,"NCOR2","PGR"
"1690",9612,5465,"NCOR2","PPARA"
"1691",9612,10891,"NCOR2","PPARGC1A"
"1692",9612,7068,"NCOR2","THRB"
"1693",51406,5468,"NOL7","PPARG"
"1694",190,6095,"NR0B1","RORA"
"1695",8431,6256,"NR0B2","RXRA"
"1696",10062,6256,"NR1H3","RXRA"
"1697",3164,5468,"NR4A1","PPARG"
"1698",5435,5439,"POLR2F","POLR2J"
"1699",5435,5440,"POLR2F","POLR2K"
"1700",5435,5441,"POLR2F","POLR2L"
"1701",5435,9400,"POLR2F","RECQL5"
"1702",5435,6877,"POLR2F","TAF5"
"1703",5435,6878,"POLR2F","TAF6"
"1704",5435,6879,"POLR2F","TAF7"
"1705",5435,221504,"POLR2F","ZBTB9"
"1706",5439,5440,"POLR2J","POLR2K"
"1707",5439,5441,"POLR2J","POLR2L"
"1708",5439,9400,"POLR2J","RECQL5"
"1709",5439,6877,"POLR2J","TAF5"
"1710",5439,6878,"POLR2J","TAF6"
"1711",5439,6879,"POLR2J","TAF7"
"1712",5439,221504,"POLR2J","ZBTB9"
"1713",5440,5441,"POLR2K","POLR2L"
"1714",5440,9400,"POLR2K","RECQL5"
"1715",5440,6877,"POLR2K","TAF5"
"1716",5440,6878,"POLR2K","TAF6"
"1717",5440,6879,"POLR2K","TAF7"
"1718",5441,9400,"POLR2L","RECQL5"
"1719",5441,6877,"POLR2L","TAF5"
"1720",5441,6878,"POLR2L","TAF6"
"1721",5441,6879,"POLR2L","TAF7"
"1722",5441,221504,"POLR2L","ZBTB9"
"1723",5465,3275,"PPARA","PRMT2"
"1724",5465,6258,"PPARA","RXRG"
"1725",10891,5970,"PPARGC1A","RELA"
"1726",5468,10891,"PPARG","PPARGC1A"
"1727",5468,6604,"PPARG","SMARCD3"
"1728",3275,6256,"PRMT2","RXRA"
"1729",5914,6256,"RARA","RXRA"
"1730",5970,6256,"RELA","RXRA"
"1731",6256,4087,"RXRA","SMAD2"
"1732",6256,7421,"RXRA","VDR"
"1733",4088,6721,"SMAD3","SREBF2"
"1734",6667,6721,"SP1","SREBF2"
